URL,Primary topic,Page type
/corporate-gifting/,"Corporate gifting",collection
/employee-gifts/,"Employee gifts",collection
/client-gifts/,"Client gifts",collection
/corporate-merchandise/,"Corporate merchandise",collection
/employee-welcome-kits/,"Employee welcome gifts",collection
/onboarding-kits/,"Onboarding kits",collection
/diwali-gifts/,"Diwali gifts",collection
/corporate-diwali-gifts/,"Corporate Diwali gifts",collection
/diwali-gifts-for-employees/,"Diwali gifts for employees",collection
/diwali-gifts-for-clients/,"Diwali gifts for clients",collection
/gift-hampers/,"Gift hampers",collection
/dry-fruit-hampers/,"Dry fruit hampers",collection
/chocolate-hampers/,"Chocolate hampers",collection
/gourmet-hampers/,"Gourmet hampers",collection
/healthy-hampers/,"Healthy hamper ideas",collection
/wellness-hampers/,"Wellness hampers",collection
/gifts-under-500/,"Gifts under ₹500",collection
/gifts-under-1000/,"Gifts under ₹1,000",collection
/gifts-under-1500/,"Gifts under ₹1,500",collection
/gifts-under-2000/,"Gifts under ₹2,000",collection
/gifts-under-2500/,"Gifts under ₹2,500",collection
/blog/how-to-make-a-gift-hamper/,"How to make a gift hamper at home: a thoughtful step-by-step guide",article
/blog/hamper-budget-checklist/,"Gift hamper budget guide: plan the full cost before you buy",article
/blog/corporate-gifting-planning-checklist/,"Corporate gifting guide: plan thoughtful gifts for employees and clients",article
/blog/corporate-diwali-gifting-guide/,"Corporate Diwali gifts: a practical guide to planning a thoughtful order",article
/blog/employee-welcome-kit-checklist/,"Employee welcome kit checklist: what new joiners will actually use",article
/blog/bulk-gift-order-planning/,"How to plan a bulk gift order for employees or clients",article
/blog/dry-fruit-hamper-buying-guide/,"How to choose a dry fruit gift box: jars, assortment and presentation",article
/blog/custom-corporate-merchandise-guide/,"Corporate merchandise guide: choose branded gifts people will use",article
/blog/choose-a-personalised-gift-hamper/,"How to choose a personalised gift hamper for any occasion",article
/blog/diwali-gifting-guide/,"Diwali gifting guide: how to choose a hamper for family, employees or clients",article